{
    "level": 0,
    "blocks": [
        {
            "type": "SPAWN",
            "data": 0,
            "x": 0,
            "y": 0
        },
        {
            "type": "FLAG",
            "data": 0,
            "x": 2,
            "y": 1
        },
        {
            "type": "GRASS",
            "data": 1,
            "x": 1,
            "y": 1
        },
        {
            "type": "GRASS",
            "data": 1,
            "x": 0,
            "y": 1
        },
        {
            "type": "GRASS",
            "data": 0,
            "x": 0,
            "y": 2
        },
        {
            "type": "GRASS",
            "data": 1,
            "x": -1,
            "y": 1
        },
        {
            "type": "GRASS",
            "data": 0,
            "x": -1,
            "y": 2
        },
        {
            "type": "GRASS",
            "data": 0,
            "x": 1,
            "y": 2
        }
    ]
}